velocity,ultrasonic,tof,rate_of_change,label
0,23.19,17,0,1
0,22.69,92,-0.1,1
0.06,22.71,106,0.004,1
0.14,24.47,106,0.352,1
0.21,24.3,103,-0.034,1
0.27,24.42,104,0.024,1
0.35,26.12,105,0.34,1
0.42,26.45,103,0.066,1
0.48,26.65,106,0.04,1
0.54,26.26,107,-0.078,1
0.61,26.03,105,-0.046,1
0.68,26.24,106,0.042,1
0.69,26.69,106,0.09,1
0.68,28.33,105,0.328,1
0.67,28.52,105,0.038,1
0.7,30.2,107,0.336,1
0.72,29.84,104,-0.072,1
0.72,29.89,107,0.01,1
0.74,30.84,106,0.19,1
0.76,32.33,107,0.298,1
0.76,33.61,105,0.256,1
0.76,33.29,109,-0.064,1
0.76,34.78,107,0.298,1
0.78,33.19,106,-0.318,1
0.78,34.15,107,0.192,1
0.77,35.72,110,0.314,1
0.75,37.08,107,0.272,0
0.75,36.29,106,-0.158,0
0.74,38.38,106,0.418,0
0.74,38.16,109,-0.044,0
0.72,38.69,107,0.106,0
0,24.3,30,0,1
0.01,24.35,81,0.01,1
0.06,24.58,90,0.046,1
0.13,24.76,91,0.036,1
0.19,24.88,88,0.024,1
0.21,24.88,90,0,1
0.23,24.99,90,0.022,1
0.29,25,89,0.002,1
0.34,25.11,92,0.022,1
0.36,25.21,91,0.02,1
0.41,25.26,89,0.01,1
0.43,25.4,91,0.028,1
0.41,25.42,87,0.004,1
0.4,25.54,88,0.024,1
0.39,25.57,91,0.006,1
0.44,25.62,92,0.01,1
0.43,25.73,89,0.022,1
0.38,25.88,90,0.03,1
0.4,25.98,88,0.02,1
0.44,26.02,95,0.008,1
0.42,26,90,-0.004,1
0.39,26.09,90,0.018,1
0.41,26.15,88,0.012,1
0.38,26.19,89,0.008,1
0.36,26.29,92,0.02,1
0.34,26.34,91,0.01,1
0.34,26.45,89,0.022,1
0.37,26.5,91,0.01,1
0.33,26.57,91,0.014,1
0.33,28.37,95,0.36,1
0.31,28.5,91,0.026,1
0.26,28.33,94,-0.034,1
0.25,28.52,92,0.038,1
0.27,28.74,95,0.044,1
0.24,28.83,94,0.018,1
0.24,28.93,94,0.02,1
0.26,28.93,94,0,1
0.22,28.61,93,-0.064,1
0.2,28.85,93,0.048,1
0.25,28.83,95,-0.004,1
0.27,29.22,94,0.078,1
0.25,29.53,93,0.062,1
0.23,29.69,93,0.032,1
0.19,29.86,92,0.034,1
0.22,29.88,94,0.004,1
0.2,29.96,92,0.016,1
0.15,30.01,94,0.01,1
0.13,30.03,95,0.004,1
0.14,30.06,93,0.006,1
0.11,30.2,93,0.028,1
0.09,30.18,95,-0.004,1
0.09,30.03,93,-0.03,1
0.1,30.2,93,0.034,1
0.1,30.25,94,0.01,1
0.11,30.41,94,0.032,1
0.13,30.49,95,0.016,1
0.17,30.46,96,-0.006,1
0.17,30.29,92,-0.034,1
0.18,30.41,95,0.024,1
0.17,30.49,97,0.016,1
0.17,30.08,91,-0.082,1
0.19,30.29,91,0.042,1
0.22,30.3,92,0.002,1
0.23,30.32,92,0.004,1
0.23,30.06,91,-0.052,1
0.23,30.53,91,0.094,1
0.23,30.46,91,-0.014,1
0.25,30.56,92,0.02,1
0.26,30.61,92,0.01,1
0.26,30.65,91,0.008,1
0.27,30.85,91,0.04,1
0.26,30.84,90,-0.002,1
0.29,30.75,94,-0.018,1
0.31,30.87,94,0.024,1
0.34,30.8,91,-0.014,1
0.33,30.85,93,0.01,1
0.3,30.99,90,0.028,1
0.27,31.08,93,0.018,1
0.26,31.18,91,0.02,1
0.25,30.39,91,-0.158,1
0.25,30.51,92,0.024,1
0.22,30.7,90,0.038,1
0.19,30.77,90,0.014,1
0.16,30.99,90,0.044,1
0.09,31.09,90,0.02,1
0.09,31.14,91,0.01,1
0.09,31.11,90,-0.006,1
0.09,31.13,90,0.004,1
0.1,31.3,89,0.034,1
0.09,31.26,90,-0.008,1
0.1,31.38,93,0.024,1
0.1,31.5,90,0.024,1
0.07,31.57,89,0.014,1
0.08,31.52,91,-0.01,1
0.1,31.61,90,0.018,1
0.09,31.8,90,0.038,1
0.07,32.09,93,0.058,1
0.07,32.22,92,0.026,1
0.1,32.31,92,0.018,1
0.11,32.45,91,0.028,1
0.13,32.53,90,0.016,1
0.18,32.6,91,0.014,1
0.18,32.65,92,0.01,1
0.21,32.67,92,0.004,1
0.21,32.71,92,0.008,1
0.22,32.86,94,0.03,1
0.23,32.89,92,0.006,1
0.28,32.64,87,-0.05,1
0.24,33.32,90,0.136,1
0.25,33.39,92,0.014,1
0.25,33.41,94,0.004,1
0.2,33.6,91,0.038,1
0.25,33.82,92,0.044,1
0.22,33.53,91,-0.058,1
0.2,32.79,92,-0.148,1
0.24,33.44,88,0.13,1
0.25,33.67,91,0.046,1
0.26,34.11,92,0.088,1
0.29,34.39,94,0.056,1
0.3,34.61,92,0.044,1
0.27,34.59,92,-0.004,1
0.31,34.99,94,0.08,1
0.31,34.68,94,-0.062,1
0.3,34.73,93,0.01,1
0.29,35.02,94,0.058,1
0.27,35.26,95,0.048,1
0.26,35.48,92,0.044,1
0.22,35.64,96,0.032,1
0.23,35.53,93,-0.022,1
0.27,35.62,95,0.018,1
0.28,35.69,93,0.014,1
0.24,35.69,94,0,1
0.21,35.47,96,-0.044,1
0.2,35.76,93,0.058,1
0.23,36.27,94,0.102,0
0,37.28,31,0,0
0.01,36.96,86,-0.064,0
0.1,36.58,91,-0.076,0
0.15,36.58,93,0,0
0.21,36.34,91,-0.048,0
0.29,36.63,92,0.058,0
0.35,36.36,91,-0.054,0
0.43,36.44,85,0.016,0
0.5,36.77,93,0.066,0
0.56,36.05,91,-0.144,0
0.64,37.25,90,0.24,0
0.69,36.58,91,-0.134,0
0.68,36.19,95,-0.078,0
0.72,35.95,94,-0.048,1
0.79,36.38,92,0.086,0
0.8,35.21,93,-0.234,1
0.81,35.23,94,0.004,1
0.8,36.87,90,0.328,0
0.81,34.83,90,-0.408,1
0.82,35.07,93,0.048,1
0.84,34.49,91,-0.116,1
0.88,34.37,88,-0.024,1
0.88,34.49,91,0.024,1
0.85,34.35,91,-0.028,1
0.8,34.95,93,0.12,1
0.79,34.83,92,-0.024,1
0.8,34.37,94,-0.092,1
0.79,34.59,91,0.044,1
0.76,34.25,93,-0.068,1
0.8,34.11,94,-0.028,1
0.78,34.13,90,0.004,1
0.74,33.97,92,-0.032,1
0.72,34.18,95,0.042,1
0.78,34.35,93,0.034,1
0.81,34.52,95,0.034,1
0.8,34.49,92,-0.006,1
0.79,34.63,95,0.028,1
0.79,34.68,91,0.01,1
0.84,34.49,95,-0.038,1
0.82,34.92,91,0.086,1
0.82,34.33,95,-0.118,1
0.81,34.3,95,-0.006,1
0.8,34.23,94,-0.014,1
0.77,34.16,90,-0.014,1
0.72,34.59,95,0.086,1
0.74,34.51,95,-0.016,1
0.75,34.47,96,-0.008,1
0.79,34.2,97,-0.054,1
0.8,34.61,96,0.082,1
0.8,34.27,94,-0.068,1
0.81,34.25,94,-0.004,1
0.82,34.44,94,0.038,1
0.85,34.23,96,-0.042,1
0.82,34.3,94,0.014,1
0.84,34.64,94,0.068,1
0.82,34.39,92,-0.05,1
0.79,34.76,94,0.074,1
0.73,33.75,95,-0.202,1
0.71,22.81,98,-2.188,1
0.7,33.89,98,2.216,1
0.67,32.84,93,-0.21,1
0.66,32.43,93,-0.082,1
0.64,32.45,89,0.004,1
0.64,32.33,91,-0.024,1
0.63,32.62,95,0.058,1
0.66,32.41,93,-0.042,1
0.65,32.19,93,-0.044,1
0.67,31.74,91,-0.09,1
0.67,32.17,94,0.086,1
0.66,32.19,94,0.004,1
0.65,32.17,94,-0.004,1
0.66,32.36,93,0.038,1
0.64,31.61,92,-0.15,1
0.69,32.09,93,0.096,1
0.76,32.33,94,0.048,1
0.75,31.44,90,-0.178,1
0.8,31.52,89,0.016,1
0.86,31.13,90,-0.078,1
0.86,31.3,94,0.034,1
0.84,31.35,90,0.01,1
0.86,31.59,95,0.048,1
0.87,31.3,93,-0.058,1
0.9,31.21,92,-0.018,1
0.85,31.28,95,0.014,1
0.76,31.33,93,0.01,1
0.74,31.26,91,-0.014,1
0.69,31.23,96,-0.006,1
0.66,31.13,95,-0.02,1
0.71,31.32,98,0.038,1
0.77,30.92,94,-0.08,1
0.81,31.71,93,0.158,1
0.84,32.14,93,0.086,1
0.85,32.36,94,0.044,1
0.84,32.34,95,-0.004,1
0.85,31.71,95,-0.126,1
0.83,31.68,94,-0.006,1
0.86,32.09,100,0.082,1
0.86,31.64,99,-0.09,1
0.78,31.56,95,-0.016,1
0.75,30.89,96,-0.134,1
0.71,31.52,97,0.126,1
0.68,30.94,96,-0.116,1
0.67,30.96,95,0.004,1
0.7,30.7,94,-0.052,1
0.71,30.77,96,0.014,1
0.72,30.6,98,-0.034,1
0.73,30.7,97,0.02,1
0.7,31.14,91,0.088,1
0.73,30.03,96,-0.222,1
0.72,29.93,97,-0.02,1
0.73,29.62,94,-0.062,1
0.71,29.58,94,-0.008,1
0.72,29.48,95,-0.02,1
0.73,30.13,99,0.13,1
0.72,29.46,95,-0.134,1
0.75,29.5,97,0.008,1
0.74,29.14,98,-0.072,1
0.78,29.28,97,0.028,1
0.75,28.66,96,-0.124,1
0.74,28.78,93,0.024,1
0.72,28.54,100,-0.048,1
0.75,28.31,96,-0.046,1
0.78,28.31,97,0,1
0.74,28.35,96,0.008,1
0.73,28.07,94,-0.056,1
0.7,28.93,94,0.172,1
0.71,28.31,96,-0.124,1
0.69,28.59,99,0.056,1
0.68,28.47,95,-0.024,1
0.69,28.14,98,-0.066,1
0.68,27.99,97,-0.03,1
0.69,28.13,99,0.028,1
0.64,27.32,98,-0.162,1
0.68,28.21,95,0.178,1
0.7,26.89,93,-0.264,1
0.71,27.8,95,0.182,1
0.68,27.32,97,-0.096,1
0.67,26.81,94,-0.102,1
0.67,27.18,95,0.074,1
0.68,26.48,100,-0.14,1
0.72,27.06,97,0.116,1
0.7,26.46,96,-0.12,1
0.74,26.53,96,0.014,1
0.74,26.67,95,0.028,1
0.74,25.85,91,-0.164,1
0.73,25.83,97,-0.004,1
0.74,26.05,94,0.044,1
0.74,26.12,95,0.014,1
0.78,26.07,99,-0.01,1
0.76,25.81,95,-0.052,1
0.74,25.31,95,-0.1,1
0.72,26.63,95,0.264,1
0.71,25.64,97,-0.198,1
0.67,24.99,97,-0.13,1
0.67,24.99,94,0,1
0.68,25.04,95,0.01,1
0.67,24.87,94,-0.034,1
0.69,25.12,98,0.05,1
0.65,25.4,96,0.056,1
0.65,23.99,96,-0.282,1
0.64,24.52,98,0.106,1
0.63,24.64,97,0.024,1
0.6,24.75,92,0.022,1
0.6,24.18,93,-0.114,1
0.58,23.72,93,-0.092,1
0.59,24.03,98,0.062,1
0.58,23.63,96,-0.08,1
0.57,25.06,98,0.286,1
0.6,25.07,100,0.002,1
0.64,24.42,97,-0.13,1
0.64,24.08,95,-0.068,1
0.63,24.4,100,0.064,1
0.64,23.99,98,-0.082,1
0.68,23.99,95,0,1
0.68,23.67,96,-0.064,1
0.67,22.71,97,-0.192,1
0.68,23.02,96,0.062,1
0.64,22.91,97,-0.022,1
0.62,23.14,98,0.046,1
0.61,22.86,99,-0.056,1
0.63,22.74,95,-0.024,1
0.01,22.64,69,-0.02,1
0.02,22.6,68,-0.008,1
0,37.87,41,0,0
0.04,37.78,85,-0.018,0
0.11,36.65,94,-0.226,0
0.18,35.19,92,-0.292,1
0.23,35.59,95,0.08,1
0.28,34.71,94,-0.176,1
0.32,33.99,94,-0.144,1
0.37,33.67,95,-0.064,1
0.42,33.24,95,-0.086,1
0.48,31.85,93,-0.278,1
0.54,31.62,95,-0.046,1
0.54,32.14,100,0.104,1
0.51,31.14,94,-0.2,1
0.5,30.44,95,-0.14,1
0.5,30,93,-0.088,1
0.51,31.8,96,0.36,1
0.53,28.33,95,-0.694,1
0.52,27.92,94,-0.082,1
0.52,27.66,94,-0.052,1
0.5,27.49,94,-0.034,1
0.48,26.45,94,-0.208,1
0.49,26.19,93,-0.052,1
0.48,25.47,93,-0.144,1
0.51,25.67,96,0.04,1
0.51,24.73,95,-0.188,1
0.53,25,89,0.054,1
0.5,24.23,92,-0.154,1
0.54,23.5,91,-0.146,1
0.56,23.19,91,-0.062,1
0.57,22.86,92,-0.066,1
0.58,22.71,95,-0.03,1
0.57,22.62,94,-0.018,1
0.6,22.6,94,-0.004,1
0.55,22.59,94,-0.002,1
0.01,22.64,69,0.01,1
0.02,22.6,68,-0.008,1
0,54.35,34,0,0
0,53.82,83,-0.106,0
0,54.66,95,0.168,0
0,54.79,99,0.026,0
0,54.98,96,0.038,0
0,55,96,0.004,0
0,55.1,95,0.02,0
0,55.15,95,0.01,0
0,55.1,94,-0.01,0
0,55.27,91,0.034,0
0,55.29,95,0.004,0
0,55.21,93,-0.016,0
0,55.21,94,0,0
0,55.33,96,0.024,0
0,55.36,94,0.006,0
0,54.95,94,-0.082,0
0,55.26,96,0.062,0
0,55.17,95,-0.018,0
0,55.38,94,0.042,0
0,55.74,94,0.072,0
0,55.74,92,0,0
0,56.05,95,0.062,0
0,55.96,95,-0.018,0
0,55.91,94,-0.01,0
0,55.69,97,-0.044,0
0,55.75,95,0.012,0
0,55.77,96,0.004,0
0,55.81,96,0.008,0
0,55.65,95,-0.032,0
0,56.65,97,0.2,0
0,56.39,98,-0.052,0
0,56.42,99,0.006,0
0,56.66,100,0.048,0
0,56.65,96,-0.002,0
0,56.75,97,0.02,0
0,56.75,96,0,0
0,56.3,96,-0.09,0
0,56.35,96,0.01,0
0,55.93,92,-0.084,0
0,56.27,95,0.068,0
0,55.84,95,-0.086,0
0,56.01,95,0.034,0
0,56.05,94,0.008,0
0,56.03,95,-0.004,0
0,56.23,96,0.04,0
0,56.46,95,0.046,0
0,56.61,96,0.03,0
0,56.78,98,0.034,0
0,56.85,94,0.014,0
0,56.7,96,-0.03,0
0,56.89,96,0.038,0
0,56.92,95,0.006,0
0,56.82,96,-0.02,0
0,56.53,94,-0.058,0
0,56.56,94,0.006,0
0,56.68,95,0.024,0
0,56.63,95,-0.01,0
0,56.77,96,0.028,0
0,56.89,96,0.024,0
0,56.96,99,0.014,0
0,57.21,96,0.05,0
0,57.42,95,0.042,0
0,57.9,99,0.096,0
0,57.71,96,-0.038,0
0,55.87,94,-0.368,0
0,56.13,91,0.052,0
0,56.37,93,0.048,0
0,56.73,97,0.072,0
0,56.82,94,0.018,0
0,56.87,95,0.01,0
0,56.85,97,-0.004,0
0,56.89,95,0.008,0
0,57.16,95,0.054,0
0,56.87,94,-0.058,0
0,56.77,91,-0.02,0
0,56.94,94,0.034,0
0,56.85,94,-0.018,0
0,57.28,95,0.086,0
0,57.52,97,0.048,0
0,57.74,94,0.044,0
0,57.81,97,0.014,0
0,58.09,96,0.056,0
0,58.12,94,0.006,0
0,58.48,96,0.072,0
0,58.45,95,-0.006,0
0,58.6,97,0.03,0
0,58.77,99,0.034,0
0,58.98,96,0.042,0
0,59.01,100,0.006,0
0,59.01,97,0,0
0,58.88,96,-0.026,0
0,59.05,96,0.034,0
0,58.29,95,-0.152,0
0,57.49,91,-0.16,0
0,57.56,95,0.014,0
0,57.85,93,0.058,0
0,57.68,93,-0.034,0
0,57.66,92,-0.004,0
0,58.41,96,0.15,0
0,58.36,95,-0.01,0
0,58.64,95,0.056,0
0,58.64,92,0,0
0,58.79,94,0.03,0
0,58.34,94,-0.09,0
0,58.55,91,0.042,0
0,59.15,95,0.12,0
0,59.01,95,-0.028,0
0,59,97,-0.002,0
0,59.05,94,0.01,0
0,59.18,92,0.026,0
0,59.63,95,0.09,0
0,60.08,97,0.09,0
0,60.54,98,0.092,0
0,60.57,99,0.006,0
0,59.87,95,-0.14,0
0,59.92,94,0.01,0
0,59.75,99,-0.034,0
0,59.75,96,0,0
0,59.87,96,0.024,0
0,60.28,94,0.082,0
0,60.13,99,-0.03,0
0,68,31,0,0
0.01,68.67,82,0.134,0
0.14,68.36,89,-0.062,0
0.29,66.87,92,-0.298,0
0.38,66.42,90,-0.09,0
0.47,65.8,90,-0.124,0
0.5,65.27,92,-0.106,0
0.55,65.63,89,0.072,0
0.6,65.43,94,-0.04,0
0.67,65.2,90,-0.046,0
0.74,64.9,94,-0.06,0
0.8,64.67,92,-0.046,0
0.68,65.39,93,0.144,0
0.59,63.71,89,-0.336,0
0.51,64.07,90,0.072,0
0.46,64.07,90,0,0
0.44,63.71,91,-0.072,0
0.42,63.82,92,0.022,0
0.4,65.15,93,0.266,0
0.39,64.66,88,-0.098,0
0.37,63.32,93,-0.268,0
0.34,64.38,95,0.212,0
0.38,63.87,90,-0.102,0
0.37,63.47,92,-0.08,0
0.4,63.37,92,-0.02,0
0.44,63.3,93,-0.014,0
0.48,63.2,94,-0.02,0
0.57,62.58,93,-0.124,0
0.6,63.21,94,0.126,0
0.61,62.96,91,-0.05,0
0.62,62.94,92,-0.004,0
0.65,62.44,89,-0.1,0
0.67,62.25,93,-0.038,0
0.69,62.1,90,-0.03,0
0.72,62.36,93,0.052,0
0.76,61.86,93,-0.1,0
0.78,62.34,90,0.096,0
0.72,61.88,90,-0.092,0
0.68,61.83,91,-0.01,0
0.65,61.69,91,-0.028,0
0.63,61.53,89,-0.032,0
0.61,61.71,91,0.036,0
0.6,61.55,92,-0.032,0
0.57,61.33,90,-0.044,0
0.54,61.16,89,-0.034,0
0.48,61.16,89,0,0
0.46,61.17,95,0.002,0
0.45,60.99,90,-0.036,0
0.43,61.4,90,0.082,0
0.43,61.64,90,0.048,0
0.43,60.75,89,-0.178,0
0.44,60.64,95,-0.022,0
0.43,60.45,95,-0.038,0
0.42,60.03,95,-0.084,0
0.41,60.35,97,0.064,0
0.39,60.69,99,0.068,0
0.36,60.2,93,-0.098,0
0.33,59.77,97,-0.086,0
0.37,60.06,90,0.058,0
0.38,61.14,93,0.216,0
0.41,59.37,92,-0.354,0
0.42,59.42,91,0.01,0
0.44,60.27,90,0.17,0
0.46,58.82,92,-0.29,0
0.5,58.55,97,-0.054,0
0.54,58.28,101,-0.054,0
0.55,58.14,98,-0.028,0
0.58,57.95,98,-0.038,0
0.57,58.22,98,0.054,0
0.58,57.93,90,-0.058,0
0.56,57.3,88,-0.126,0
0.52,57.25,89,-0.01,0
0.49,57.06,88,-0.038,0
0.47,57.09,88,0.006,0
0.41,56.99,94,-0.02,0
0.41,57.86,89,0.174,0
0.41,58.07,89,0.042,0
0.38,58.16,92,0.018,0
0.33,58.04,92,-0.024,0
0.3,58.1,92,0.012,0
0.28,58.17,92,0.014,0
0.29,58.02,94,-0.03,0
0.32,57.62,95,-0.08,0
0.33,57.93,97,0.062,0
0.34,58.31,96,0.076,0
0.33,57.86,98,-0.09,0
0.35,57.4,96,-0.092,0
0.34,57.25,95,-0.03,0
0.37,56.97,94,-0.056,0
0.37,56.53,92,-0.088,0
0.35,56.99,94,0.092,0
0.36,56.85,98,-0.028,0
0.33,56.97,95,0.024,0
0.34,56.92,95,-0.01,0
0.34,57.28,90,0.072,0
0.35,56.9,90,-0.076,0
0.35,56.6,90,-0.06,0
0.36,56.54,93,-0.012,0
0.4,56.32,91,-0.044,0
0.44,56.78,92,0.092,0
0.48,56.63,93,-0.03,0
0.49,56.22,91,-0.082,0
0.46,56.49,90,0.054,0
0.45,56.42,92,-0.014,0
0.46,56.47,92,0.01,0
0.46,56.44,91,-0.006,0
0.44,55.77,90,-0.134,0
0.46,55.69,92,-0.016,0
0.44,55.72,91,0.006,0
0.4,55.62,90,-0.02,0
0.39,55.96,90,0.068,0
0.37,55.24,92,-0.144,0
0.37,55,93,-0.048,0
0.37,54.28,91,-0.144,0
0.35,54.19,94,-0.018,0
0.33,54.16,93,-0.006,0
0.34,54.45,94,0.058,0
0.34,54.38,90,-0.014,0
0.34,53.15,92,-0.246,0
0.33,53.17,94,0.004,0
0,53.22,36,0,0
0,53.61,84,0.078,0
0.06,53.8,92,0.038,0
0.11,54.26,92,0.092,0
0.12,53.99,91,-0.054,0
0.13,53.9,95,-0.018,0
0.13,53.75,91,-0.03,0
0.15,53.29,95,-0.092,0
0.18,53.1,91,-0.038,0
0.18,53.1,92,0,0
0.18,53.04,92,-0.012,0
0.18,53.03,90,-0.002,0
0.12,52.98,89,-0.01,0
0.07,53.1,93,0.024,0
0.07,53.32,91,0.044,0
0.06,53.42,90,0.02,0
0.06,53.44,90,0.004,0
0.04,53.34,95,-0.02,0
0.01,53.41,91,0.014,0
0.01,53.25,93,-0.032,0
0.02,53.37,92,0.024,0
0.03,53.2,94,-0.034,0
0.03,53.82,95,0.124,0
0.03,53.85,94,0.006,0
0.02,54.06,92,0.042,0
0.02,54.01,93,-0.01,0
0.02,53.99,94,-0.004,0
0.02,54.07,95,0.016,0
0.02,54.14,92,0.014,0
0.02,54.18,94,0.008,0
0.01,54.16,95,-0.004,0
0.01,54.23,96,0.014,0
0.01,54.43,94,0.04,0
0.03,53.7,93,-0.146,0
0.04,53.44,96,-0.052,0
0.04,53.17,92,-0.054,0
0.04,53.13,93,-0.008,0
0.04,52.99,92,-0.028,0
0.07,52.53,94,-0.092,0
0.1,53.1,91,0.114,0
0.1,53.06,91,-0.008,0
0.11,53.15,92,0.018,0
0.11,53.99,94,0.168,0
0.09,53.77,95,-0.044,0
0.08,53.83,94,0.012,0
0.1,53.73,92,-0.02,0
0.1,52.84,92,-0.178,0
0.09,52.41,91,-0.086,0
0.07,52.31,91,-0.02,0
0.06,51.79,90,-0.104,0
0.06,52.05,89,0.052,0
0.11,52.03,91,-0.004,0
0.11,52.1,92,0.014,0
0.13,52.12,90,0.004,0
0.13,52.24,92,0.024,0
0.12,52.14,91,-0.02,0
0.15,52.12,90,-0.004,0
0.16,52.62,92,0.1,0
0.17,52.14,90,-0.096,0
0.17,52.41,88,0.054,0
0.18,52.41,88,0,0
0.12,52.89,90,0.096,0
0.11,52.84,89,-0.01,0
0.1,53.04,92,0.04,0
0.12,53.22,92,0.036,0
0.12,54.59,95,0.274,0
0.08,54.52,94,-0.014,0
0.07,54.73,94,0.042,0
0.06,55,97,0.054,0
0.04,55.07,96,0.014,0
0.03,55.24,97,0.034,0
0.03,53.83,92,-0.282,0
0.03,53.44,93,-0.078,0
0.03,53.61,94,0.034,0
0.01,53.71,91,0.02,0
0,53.77,92,0.012,0
0,53.89,92,0.024,0
0,53.95,93,0.012,0
0,54.01,93,0.012,0
0,53.08,91,-0.186,0
0,53.01,91,-0.014,0
0,53.25,92,0.048,0
0,52.72,92,-0.106,0
0,52.79,94,0.014,0
0,52.91,92,0.024,0
0,53.04,92,0.026,0
0,53.1,92,0.012,0
0,53.18,93,0.016,0
0,53.08,91,-0.02,0
0,52.92,91,-0.032,0
0,53.53,94,0.122,0
0,53.65,91,0.024,0
0,53.82,92,0.034,0
0,53.75,92,-0.014,0
0,53.8,91,0.01,0
0,53.68,89,-0.024,0
0,53.9,94,0.044,0
0,53.97,93,0.014,0
0,53.99,92,0.004,0
0,53.99,92,0,0
0,53.97,94,-0.004,0
0,53.99,95,0.004,0
0,53.77,93,-0.044,0
0,53.71,91,-0.012,0
0.14,53.53,99,-0.036,0
0.17,53.53,92,0,0
0.17,53.59,94,0.012,0
0.19,53.29,92,-0.06,0
0.19,53.58,92,0.058,0
0.19,53.58,94,0,0
0.19,53.85,94,0.054,0
0.2,53.83,93,-0.004,0
0.2,53.95,94,0.024,0
0.21,54.13,94,0.036,0
0.07,54.11,94,-0.004,0
0.04,54.19,91,0.016,0
0.1,54.3,94,0.022,0
0.1,54.37,91,0.014,0
0.1,54.38,96,0.002,0
0,68.79,34,0,3
0.03,69.05,86,0.052,3
0.1,69.01,92,-0.008,3
0.2,68.91,98,-0.02,3
0.29,43.63,96,-5.056,3
0.37,69.61,92,5.196,3
0.46,70.14,98,0.106,3
0.53,68.55,95,-0.318,3
0.62,67.16,92,-0.278,3
0.72,66.3,97,-0.172,3
0.78,58.74,95,-1.512,3
0.84,65.87,96,1.426,3
0.82,66.1,97,0.046,3
0.8,66.95,93,0.17,3
0.77,64.83,96,-0.424,3
0.74,63.94,95,-0.178,3
0.76,64.71,92,0.154,3
0.76,64.12,98,-0.118,3
0.73,64.79,93,0.134,3
0.73,64.71,98,-0.016,3
0.75,65.05,99,0.068,3
0.77,64.09,93,-0.192,3
0.78,63.51,99,-0.116,3
0.8,64.24,92,0.146,3
0.81,63.3,96,-0.188,3
0.82,61.96,93,-0.268,3
0.77,60.85,98,-0.222,3
0.77,60.66,91,-0.038,3
0.76,60.13,91,-0.106,3
0.76,60.78,96,0.13,3
0.71,59.96,96,-0.164,3
0.67,59.8,96,-0.032,3
0.66,61.26,94,0.292,3
0.62,59.22,99,-0.408,3
0.59,60.23,95,0.202,3
0.61,59.94,96,-0.058,3
0.61,58.28,93,-0.332,3
0.59,58.26,98,-0.004,3
0.64,60.49,94,0.446,3
0.62,57.3,95,-0.638,3
0.63,60.83,96,0.706,3
0.64,56.78,97,-0.81,3
0.66,55.03,94,-0.35,3
0.68,55.19,98,0.032,3
0.62,55.03,97,-0.032,3
0.66,54.16,97,-0.174,3
0.65,58.45,97,0.858,3
0.61,54.81,102,-0.728,3
0.6,54.07,95,-0.148,3
0.6,54.02,98,-0.01,3
0.64,54.13,92,0.022,3
0.63,52.74,98,-0.278,3
0.64,54.85,94,0.422,3
0.66,53.51,100,-0.268,3
0.72,51.21,94,-0.46,3
0.7,51.4,100,0.038,3
0.72,50.99,100,-0.082,3
0.76,50.35,98,-0.128,3
0.77,50.35,99,0,3
0.76,47.8,100,-0.51,3
0.76,49.87,98,0.414,3
0.73,49.13,102,-0.148,3
0.7,49.2,97,0.014,3
0.66,49.63,99,0.086,3
0.61,48.05,97,-0.316,3
0.59,48.29,102,0.048,3
0.6,48.84,98,0.11,3
0.58,49.03,112,0.038,3
0.54,48.89,112,-0.028,3
0.5,48.77,110,-0.024,3
0.45,48.67,110,-0.02,3
0.44,48.74,110,0.014,3
0.4,48.86,110,0.024,3
0.4,48.36,111,-0.1,3
0.38,47.78,110,-0.116,3
0.33,48.35,109,0.114,3
0.29,47.83,109,-0.104,3
0.31,47.66,108,-0.034,3
0.27,47.73,111,0.014,3
0.3,47.61,110,-0.024,3
0.3,47.44,109,-0.034,3
0.29,47.04,110,-0.08,3
0.36,47.51,108,0.094,3
0.33,47.2,112,-0.062,3
0.36,49.03,110,0.366,3
0.37,46.67,110,-0.472,3
0.42,46.27,109,-0.08,3
0.42,45.58,97,-0.138,3
0.48,48.83,96,0.65,3
0.46,45.34,98,-0.698,3
0.47,44.35,94,-0.198,3
0.49,44.93,97,0.116,3
0.46,44.11,95,-0.164,3
0.5,44.18,113,0.014,3
0.5,44.02,115,-0.032,3
0.57,43.65,115,-0.074,3
0.5,43.58,111,-0.014,3
0.52,42.84,109,-0.148,3
0.46,42.86,110,0.004,3
0.5,42.43,110,-0.086,3
0.5,42.29,110,-0.028,3
0.55,42.03,109,-0.052,3
0.56,42.31,110,0.056,3
0.55,41.86,110,-0.09,3
0.54,41.14,108,-0.144,3
0.47,40.95,114,-0.038,3
0.55,40.7,113,-0.05,3
0.48,40.63,114,-0.014,3
0.54,40.54,114,-0.018,3
0.48,40.05,110,-0.098,3
0.51,39.99,115,-0.012,3
0.48,39.39,110,-0.12,3
0.45,39.7,109,0.062,3
0.46,39.19,109,-0.102,3
0.45,38.66,107,-0.106,3
0.47,37.32,109,-0.268,3
0.4,36.99,113,-0.066,3
0.82,20,95.6,0,2
0.87,20,87.67,0,2
0.85,20,78.5,0,2
0.88,20,72.56,0,2
0.88,20,61.99,0,2
0.86,20,53.89,0,2
0.83,20,46.62,0,2
0.84,20,36.15,0,2
0.85,20,28.9,0,2
0.81,20,18,0,4
0.8,20,18,0,4
0.84,20,18,0,4
0.82,20,18,0,4
0.82,20,18,0,4
0.8,20,18,0,4
0.81,20,18,0,4
0.7,20,95.13,0,2
0.72,20,91.4,0,2
0.74,20,86.54,0,2
0.76,20,85.06,0,2
0.79,20,77.51,0,2
0.77,20,73.26,0,2
0.74,20,68.32,0,2
0.77,20,66.85,0,2
0.74,20,62.76,0,2
0.7,20,58.14,0,2
0.7,20,53.58,0,2
0.7,20,51.66,0,2
0.69,20,44.22,0,2
0.66,20,41.82,0,2
0.69,20,38.96,0,2
0.66,20,35.28,0,2
0.69,20,29.74,0,2
0.68,20,27.23,0,2
0.72,20,18,0,4
0.7,20,18,0,4
0.7,20,18,0,4
0.73,20,18,0,4
0.74,20,18,0,4
0.72,20,18,0,4
0.74,20,18,0,4
0.57,20,95.43,0,2
0.63,20,93.41,0,2
0.64,20,90.9,0,2
0.64,20,85.77,0,2
0.62,20,86.99,0,2
0.59,20,84.97,0,2
0.63,20,82.57,0,2
0.61,20,82.58,0,2
0.59,20,77.81,0,2
0.59,20,77.85,0,2
0.58,20,74.09,0,2
0.57,20,72.81,0,2
0.54,20,69.82,0,2
0.5,20,68.17,0,2
0.54,20,66.97,0,2
0.53,20,64.59,0,2
0.53,20,60.86,0,2
0.54,20,60.12,0,2
0.57,20,58.31,0,2
0.59,20,58.74,0,2
0.6,20,54.75,0,2
0.61,20,50.11,0,2
0.67,20,50.46,0,2
0.64,20,48.13,0,2
0.61,20,46.29,0,2
0.64,20,45.68,0,2
0.6,20,43.23,0,2
0.57,20,41.93,0,2
0.63,20,38.93,0,2
0.56,20,35.01,0,2
0.54,20,34.29,0,2
0.54,20,30.28,0,2
0.54,20,28.84,0,2
0.56,20,26.98,0,2
0.53,20,25.12,0,2
0.52,20,25,0,2
0.58,20,18,0,4
0.6,20,18,0,4
0.56,20,18,0,4
0.58,20,18,0,4
0.58,20,18,0,4
0.59,20,18,0,4
0.56,20,18,0,4
